AfghanHound01	AfghanHound01	African_NearEast_India_Dogs	AfghanHound01
Akbash01_15287	Akbash01_15287	African_NearEast_India_Dogs	Akbash01_15287
Akita01_12758	Akita01_12758	East_Asian_Dogs	Akita01_12758
AlaskanHusky02	AlaskanHusky02	Arctic_Dogs	AlaskanHusky02
AlaskanMalamute01_30099	AlaskanMalamute01_30099	Arctic_Dogs	AlaskanMalamute01_30099
AustralianCattleDog01	AustralianCattleDog01	European_Dogs	AustralianCattleDog01
AustralianShepherd02_30713	AustralianShepherd02_30713	European_Dogs	AustralianShepherd02_30713
AustralianTerrier01	AustralianTerrier01	European_Dogs	AustralianTerrier01
Basenji05	Basenji05	African_NearEast_India_Dogs	Basenji05
BassetHound04	BassetHound04	European_Dogs	BassetHound04
BavarianHound01	BavarianHound01	European_Dogs	BavarianHound01
Beagle01_16145	Beagle01_16145	European_Dogs	Beagle01_16145
BlackBackedJackal01	BlackBackedJackal01	Outgroup	BlackBackedJackal01
Bloodhound01_25394	Bloodhound01_25394	European_Dogs	Bloodhound01_25394
Boerboel02_33148	Boerboel02_33148	African_NearEast_India_Dogs	Boerboel02_33148
BorderCollie20_33967	BorderCollie20_33967	European_Dogs	BorderCollie20_33967
Borzoi01_13141	Borzoi01_13141	European_Dogs	Borzoi01_13141
Boxer01	Boxer01	European_Dogs	Boxer01
Briard03_20268	Briard03_20268	European_Dogs	Briard03_20268
BrittanySpaniel03_12726	BrittanySpaniel03_12726	European_Dogs	BrittanySpaniel03_12726
BrusselsGriffon02_6692	BrusselsGriffon02_6692	European_Dogs	BrusselsGriffon02_6692
Bulldog01_14566	Bulldog01_14566	European_Dogs	Bulldog01_14566
BullMastiff02_1125	BullMastiff02_1125	European_Dogs	BullMastiff02_1125
BullTerrier05_23673	BullTerrier05_23673	European_Dogs	BullTerrier05_23673
CairnTerrier16_25446	CairnTerrier16_25446	European_Dogs	CairnTerrier16_25446
CarolinaDog01_7771	CarolinaDog01_7771	Americas_Dogs	CarolinaDog01_7771
CatahoulaLeopardDog11	CatahoulaLeopardDog11	Americas_Dogs	CatahoulaLeopardDog11
CaucasianOvcharka02_7997	CaucasianOvcharka02_7997	African_NearEast_India_Dogs	CaucasianOvcharka02_7997
CavalierKingCharlesSpaniel01	CavalierKingCharlesSpaniel01	European_Dogs	CavalierKingCharlesSpaniel01
Chihuahua01_13131	Chihuahua01_13131	Americas_Dogs	Chihuahua01_13131
ChineseCrested01	ChineseCrested01	East_Asian_Dogs	ChineseCrested01
ChineseIndigenousDog01	ChineseIndigenousDog01	East_Asian_Dogs	ChineseIndigenousDog01
ChineseIndigenousDog02	ChineseIndigenousDog02	East_Asian_Dogs	ChineseIndigenousDog02
ChineseIndigenousDog03	ChineseIndigenousDog03	East_Asian_Dogs	ChineseIndigenousDog03
ChineseIndigenousDog04	ChineseIndigenousDog04	East_Asian_Dogs	ChineseIndigenousDog04
ChineseIndigenousDog05	ChineseIndigenousDog05	East_Asian_Dogs	ChineseIndigenousDog05
ChineseIndigenousDog06	ChineseIndigenousDog06	East_Asian_Dogs	ChineseIndigenousDog06
ChineseIndigenousDog07	ChineseIndigenousDog07	East_Asian_Dogs	ChineseIndigenousDog07
ChineseIndigenousDog08	ChineseIndigenousDog08	East_Asian_Dogs	ChineseIndigenousDog08
ChineseIndigenousDog09	ChineseIndigenousDog09	East_Asian_Dogs	ChineseIndigenousDog09
ChineseIndigenousDog10	ChineseIndigenousDog10	East_Asian_Dogs	ChineseIndigenousDog10
ChineseIndigenousDog11	ChineseIndigenousDog11	East_Asian_Dogs	ChineseIndigenousDog11
ChineseIndigenousDog12	ChineseIndigenousDog12	East_Asian_Dogs	ChineseIndigenousDog12
ChineseIndigenousDog13	ChineseIndigenousDog13	East_Asian_Dogs	ChineseIndigenousDog13
ChineseIndigenousDog14	ChineseIndigenousDog14	East_Asian_Dogs	ChineseIndigenousDog14
ChineseIndigenousDog15	ChineseIndigenousDog15	East_Asian_Dogs	ChineseIndigenousDog15
ChineseSharpei05_11448	ChineseSharpei05_11448	East_Asian_Dogs	ChineseSharpei05_11448
Chinook04_33143	Chinook04_33143	Americas_Dogs	Chinook04_33143
ChongqingDog01	ChongqingDog01	East_Asian_Dogs	ChongqingDog01
CockerSpanielEnglish05	CockerSpanielEnglish05	European_Dogs	CockerSpanielEnglish05
Collie03_29554	Collie03_29554	European_Dogs	Collie03_29554
CotonDeTulear01_33217	CotonDeTulear01_33217	African_NearEast_India_Dogs	CotonDeTulear01_33217
Coyote08	Coyote08	Outgroup	Coyote08
Dachshund06_8242	Dachshund06_8242	European_Dogs	Dachshund06_8242
Dalmatian01	Dalmatian01	European_Dogs	Dalmatian01
Doberman06	Doberman06	European_Dogs	Doberman06
EastSiberianLaika01	EastSiberianLaika01	Arctic_Dogs	EastSiberianLaika01
EnglishMastiff04_30097	EnglishMastiff04_30097	European_Dogs	EnglishMastiff04_30097
EnglishSpringerSpaniel10	EnglishSpringerSpaniel10	European_Dogs	EnglishSpringerSpaniel10
FlatCoatedRetriever08_28072	FlatCoatedRetriever08_28072	European_Dogs	FlatCoatedRetriever08_28072
FrenchBulldog04_14477	FrenchBulldog04_14477	European_Dogs	FrenchBulldog04_14477
GermanShepherd29	GermanShepherd29	European_Dogs	GermanShepherd29
GermanShorthairedPointer02_30645	GermanShorthairedPointer02_30645	European_Dogs	GermanShorthairedPointer02_30645
GiantSchnauzer05	GiantSchnauzer05	European_Dogs	GiantSchnauzer05
GlenofImaalTerrier04_4266	GlenofImaalTerrier04_4266	European_Dogs	GlenofImaalTerrier04_4266
GoldenRetriever25	GoldenRetriever25	European_Dogs	GoldenRetriever25
GreatDane04	GreatDane04	European_Dogs	GreatDane04
GreenlandDog01	GreenlandDog01	Arctic_Dogs	GreenlandDog01
Havanese03	Havanese03	European_Dogs	Havanese03
IbizanHound04_1230	IbizanHound04_1230	European_Dogs	IbizanHound04_1230
IndigenousDogNigeria01	IndigenousDogNigeria01	African_NearEast_India_Dogs	IndigenousDogNigeria01
IndigenousDogNigeria02	IndigenousDogNigeria02	African_NearEast_India_Dogs	IndigenousDogNigeria02
IndigenousDogNigeria03	IndigenousDogNigeria03	African_NearEast_India_Dogs	IndigenousDogNigeria03
IndigenousDogVietnam01	IndigenousDogVietnam01	East_Asian_Dogs	IndigenousDogVietnam01
IndigenousDogVietnam02	IndigenousDogVietnam02	East_Asian_Dogs	IndigenousDogVietnam02
IndigenousDogVietnam03	IndigenousDogVietnam03	East_Asian_Dogs	IndigenousDogVietnam03
IndigenousDogVietnam04	IndigenousDogVietnam04	East_Asian_Dogs	IndigenousDogVietnam04
IndigenousDogVietnam05	IndigenousDogVietnam05	East_Asian_Dogs	IndigenousDogVietnam05
IrishWaterSpaniel01_28373	IrishWaterSpaniel01_28373	European_Dogs	IrishWaterSpaniel01_28373
IrishWolfhound01_21534	IrishWolfhound01_21534	European_Dogs	IrishWolfhound01_21534
ItalianGreyhound01	ItalianGreyhound01	European_Dogs	ItalianGreyhound01
JackRussellTerrier07	JackRussellTerrier07	European_Dogs	JackRussellTerrier07
JapaneseChin04_24329	JapaneseChin04_24329	East_Asian_Dogs	JapaneseChin04_24329
Jindo01	Jindo01	East_Asian_Dogs	Jindo01
Kuvasz04	Kuvasz04	European_Dogs	Kuvasz04
LabradorRetriever06	LabradorRetriever06	European_Dogs	LabradorRetriever06
LhasaApso04	LhasaApso04	East_Asian_Dogs	LhasaApso04
MiniatureBullTerrier01	MiniatureBullTerrier01	European_Dogs	MiniatureBullTerrier01
MiniaturePinscher01_12874	MiniaturePinscher01_12874	European_Dogs	MiniaturePinscher01_12874
NorwichTerrier05_25012	NorwichTerrier05_25012	European_Dogs	NorwichTerrier05_25012
OldEnglishSheepdog02_6003	OldEnglishSheepdog02_6003	European_Dogs	OldEnglishSheepdog02_6003
Pekingese02	Pekingese02	East_Asian_Dogs	Pekingese02
PembrokeWelshCorgi04_29405	PembrokeWelshCorgi04_29405	European_Dogs	PembrokeWelshCorgi04_29405
PeruvianHairless01	PeruvianHairless01	Americas_Dogs	PeruvianHairless01
PhuquocRidgeback02_34878	PhuquocRidgeback02_34878	East_Asian_Dogs	PhuquocRidgeback02_34878
Pomeranian02	Pomeranian02	European_Dogs	Pomeranian02
Pug07	Pug07	East_Asian_Dogs	Pug07
QingchuanDog01	QingchuanDog01	East_Asian_Dogs	QingchuanDog01
RhodesianRidgeback08	RhodesianRidgeback08	African_NearEast_India_Dogs	RhodesianRidgeback08
Rottweiler04_30461	Rottweiler04_30461	European_Dogs	Rottweiler04_30461
SaintBernard02	SaintBernard02	European_Dogs	SaintBernard02
Saluki02	Saluki02	African_NearEast_India_Dogs	Saluki02
SAMN14210377	SAMN14210377	Arctic_Dogs	SAMN14210377
Samoyed01_176	Samoyed01_176	Arctic_Dogs	Samoyed01_176
ScottishDeerhound10_34154	ScottishDeerhound10_34154	European_Dogs	ScottishDeerhound10_34154
ScottishTerrier01_8542	ScottishTerrier01_8542	European_Dogs	ScottishTerrier01_8542
ShetlandSheepdog03	ShetlandSheepdog03	European_Dogs	ShetlandSheepdog03
ShibaInu04	ShibaInu04	East_Asian_Dogs	ShibaInu04
ShihTzu02_3192	ShihTzu02_3192	East_Asian_Dogs	ShihTzu02_3192
Shikoku01_31257	Shikoku01_31257	East_Asian_Dogs	Shikoku01_31257
SiberianHusky01_14529	SiberianHusky01_14529	Arctic_Dogs	SiberianHusky01_14529
Sloughi01	Sloughi01	African_NearEast_India_Dogs	Sloughi01
StaffordshireBullTerrier03_30240	StaffordshireBullTerrier03_30240	European_Dogs	StaffordshireBullTerrier03_30240
StandardPoodle04	StandardPoodle04	European_Dogs	StandardPoodle04
SussexSpaniel03_7643	SussexSpaniel03_7643	European_Dogs	SussexSpaniel03_7643
TibetanMastiff11	TibetanMastiff11	East_Asian_Dogs	TibetanMastiff11
TibetanSpaniel14_5381	TibetanSpaniel14_5381	East_Asian_Dogs	TibetanSpaniel14_5381
TibetanTerrier04	TibetanTerrier04	East_Asian_Dogs	TibetanTerrier04
TosaInu02_25491	TosaInu02_25491	East_Asian_Dogs	TosaInu02_25491
ToyPoodle01_10442	ToyPoodle01_10442	European_Dogs	ToyPoodle01_10442
VillDog_Africa01	VillDog_Africa01	African_NearEast_India_Dogs	VillDog_Africa01
VillDog_Australia01	VillDog_Australia01	East_Asian_Dogs	VillDog_Australia01
VillDog_Borneo01	VillDog_Borneo01	East_Asian_Dogs	VillDog_Borneo01
VillDog_Borneo02	VillDog_Borneo02	East_Asian_Dogs	VillDog_Borneo02
VillDog_Borneo03	VillDog_Borneo03	East_Asian_Dogs	VillDog_Borneo03
VillDog_China01	VillDog_China01	East_Asian_Dogs	VillDog_China01
VillDog_China02	VillDog_China02	East_Asian_Dogs	VillDog_China02
VillDog_China03	VillDog_China03	East_Asian_Dogs	VillDog_China03
VillDog_China04	VillDog_China04	East_Asian_Dogs	VillDog_China04
VillDog_China05	VillDog_China05	East_Asian_Dogs	VillDog_China05
VillDog_China06	VillDog_China06	East_Asian_Dogs	VillDog_China06
VillDog_China07	VillDog_China07	East_Asian_Dogs	VillDog_China07
VillDog_China08	VillDog_China08	East_Asian_Dogs	VillDog_China08
VillDog_China09	VillDog_China09	East_Asian_Dogs	VillDog_China09
VillDog_China14	VillDog_China14	East_Asian_Dogs	VillDog_China14
VillDog_China50	VillDog_China50	East_Asian_Dogs	VillDog_China50
VillDog_China51	VillDog_China51	East_Asian_Dogs	VillDog_China51
VillDog_China52	VillDog_China52	East_Asian_Dogs	VillDog_China52
VillDog_Egypt01	VillDog_Egypt01	African_NearEast_India_Dogs	VillDog_Egypt01
VillDog_Egypt02	VillDog_Egypt02	African_NearEast_India_Dogs	VillDog_Egypt02
VillDog_India01	VillDog_India01	African_NearEast_India_Dogs	VillDog_India01
VillDog_India02	VillDog_India02	African_NearEast_India_Dogs	VillDog_India02
VillDog_India03	VillDog_India03	African_NearEast_India_Dogs	VillDog_India03
VillDog_India04	VillDog_India04	African_NearEast_India_Dogs	VillDog_India04
VillDog_India05	VillDog_India05	African_NearEast_India_Dogs	VillDog_India05
VillDog_Lebanon01	VillDog_Lebanon01	African_NearEast_India_Dogs	VillDog_Lebanon01
VillDog_Lebanon02	VillDog_Lebanon02	African_NearEast_India_Dogs	VillDog_Lebanon02
VillDog_Lebanon03	VillDog_Lebanon03	African_NearEast_India_Dogs	VillDog_Lebanon03
VillDog_Namibia01	VillDog_Namibia01	African_NearEast_India_Dogs	VillDog_Namibia01
VillDog_Namibia02	VillDog_Namibia02	African_NearEast_India_Dogs	VillDog_Namibia02
VillDog_Namibia03	VillDog_Namibia03	African_NearEast_India_Dogs	VillDog_Namibia03
VillDog_PapuaNG01	VillDog_PapuaNG01	East_Asian_Dogs	VillDog_PapuaNG01
VillDog_PapuaNG02	VillDog_PapuaNG02	East_Asian_Dogs	VillDog_PapuaNG02
VillDog_PapuaNG03	VillDog_PapuaNG03	East_Asian_Dogs	VillDog_PapuaNG03
VillDog_Qatar01	VillDog_Qatar01	African_NearEast_India_Dogs	VillDog_Qatar01
VillDog_Qatar02	VillDog_Qatar02	African_NearEast_India_Dogs	VillDog_Qatar02
VillDog_Taiwan01	VillDog_Taiwan01	East_Asian_Dogs	VillDog_Taiwan01
VillDog_Vietnam01	VillDog_Vietnam01	East_Asian_Dogs	VillDog_Vietnam01
VillDog_Vietnam02	VillDog_Vietnam02	East_Asian_Dogs	VillDog_Vietnam02
VillDog_Vietnam03	VillDog_Vietnam03	East_Asian_Dogs	VillDog_Vietnam03
VillDog_Vietnam04	VillDog_Vietnam04	East_Asian_Dogs	VillDog_Vietnam04
VillDog_Vietnam05	VillDog_Vietnam05	East_Asian_Dogs	VillDog_Vietnam05
VillDog_Vietnam06	VillDog_Vietnam06	East_Asian_Dogs	VillDog_Vietnam06
Whippet04	Whippet04	European_Dogs	Whippet04
Wolf01	Wolf01	Western_Eurasian_Wolves	Wolf01
Wolf02	Wolf02	Western_Eurasian_Wolves	Wolf02
Wolf03	Wolf03	Western_Eurasian_Wolves	Wolf03
Wolf04	Wolf04	Eastern_Eurasian_Wolves	Wolf04
Wolf05	Wolf05	Eastern_Eurasian_Wolves	Wolf05
Wolf06	Wolf06	Western_Eurasian_Wolves	Wolf06
Wolf07	Wolf07	Western_Eurasian_Wolves	Wolf07
Wolf18	Wolf18	North_American_Wolves	Wolf18
Wolf19	Wolf19	Eastern_Eurasian_Wolves	Wolf19
Wolf20	Wolf20	Western_Eurasian_Wolves	Wolf20
Wolf21	Wolf21	Western_Eurasian_Wolves	Wolf21
Wolf22	Wolf22	North_American_Wolves	Wolf22
Wolf23	Wolf23	North_American_Wolves	Wolf23
Wolf24	Wolf24	Western_Eurasian_Wolves	Wolf24
Wolf27	Wolf27	Western_Eurasian_Wolves	Wolf27
Wolf28	Wolf28	North_American_Wolves	Wolf28
Wolf29	Wolf29	North_American_Wolves	Wolf29
Wolf30	Wolf30	Eastern_Eurasian_Wolves	Wolf30
Wolf31	Wolf31	Eastern_Eurasian_Wolves	Wolf31
Wolf32	Wolf32	Eastern_Eurasian_Wolves	Wolf32
Wolf33	Wolf33	Eastern_Eurasian_Wolves	Wolf33
Wolf34	Wolf34	Eastern_Eurasian_Wolves	Wolf34
Wolf35	Wolf35	Eastern_Eurasian_Wolves	Wolf35
Wolf36	Wolf36	Eastern_Eurasian_Wolves	Wolf36
Wolf37	Wolf37	Eastern_Eurasian_Wolves	Wolf37
Wolf38	Wolf38	Eastern_Eurasian_Wolves	Wolf38
Wolf39	Wolf39	Western_Eurasian_Wolves	Wolf39
Wolf40	Wolf40	North_American_Wolves	Wolf40
Wolf43	Wolf43	North_American_Wolves	Wolf43
Wolf44	Wolf44	Western_Eurasian_Wolves	Wolf44
Wolf45	Wolf45	Western_Eurasian_Wolves	Wolf45
Wolf46	Wolf46	Western_Eurasian_Wolves	Wolf46
Wolf47	Wolf47	Western_Eurasian_Wolves	Wolf47
Wolf48	Wolf48	Western_Eurasian_Wolves	Wolf48
Wolf49	Wolf49	Western_Eurasian_Wolves	Wolf49
Wolf50	Wolf50	Western_Eurasian_Wolves	Wolf50
Wolf51	Wolf51	Western_Eurasian_Wolves	Wolf51
Wolf52	Wolf52	Western_Eurasian_Wolves	Wolf52
Wolf53	Wolf53	Western_Eurasian_Wolves	Wolf53
Wolf54	Wolf54	Western_Eurasian_Wolves	Wolf54
Wolf55	Wolf55	Western_Eurasian_Wolves	Wolf55
Wolf56	Wolf56	Western_Eurasian_Wolves	Wolf56
Wolf57	Wolf57	North_American_Wolves	Wolf57
Wolf58	Wolf58	North_American_Wolves	Wolf58
Wolf59	Wolf59	North_American_Wolves	Wolf59
Wolf60	Wolf60	North_American_Wolves	Wolf60
Wolf61	Wolf61	North_American_Wolves	Wolf61
Wolf62	Wolf62	North_American_Wolves	Wolf62
Wolf63	Wolf63	North_American_Wolves	Wolf63
Wolf64	Wolf64	North_American_Wolves	Wolf64
Wolf65	Wolf65	North_American_Wolves	Wolf65
Wolf66	Wolf66	North_American_Wolves	Wolf66
Wolf67	Wolf67	North_American_Wolves	Wolf67
Wolf68	Wolf68	North_American_Wolves	Wolf68
Wolf69	Wolf69	North_American_Wolves	Wolf69
Wolf70	Wolf70	Eastern_Eurasian_Wolves	Wolf70
Wolf71	Wolf71	Eastern_Eurasian_Wolves	Wolf71
Wolf72	Wolf72	Eastern_Eurasian_Wolves	Wolf72
Wolf91	Wolf91	North_American_Wolves	Wolf91
Wolf92	Wolf92	North_American_Wolves	Wolf92
Wolf93	Wolf93	North_American_Wolves	Wolf93
Wolf94	Wolf94	North_American_Wolves	Wolf94
Wolf96	Wolf96	North_American_Wolves	Wolf96
Wolf97	Wolf97	North_American_Wolves	Wolf97
Wolf101	Wolf101	North_American_Wolves	Wolf101
Wolf102	Wolf102	North_American_Wolves	Wolf102
Wolf103	Wolf103	North_American_Wolves	Wolf103
Wolf107	Wolf107	North_American_Wolves	Wolf107
Wolf108	Wolf108	North_American_Wolves	Wolf108
Wolf109	Wolf109	North_American_Wolves	Wolf109
Wolf110	Wolf110	North_American_Wolves	Wolf110
Wolf112	Wolf112	North_American_Wolves	Wolf112
WolfTibetan01	WolfTibetan01	Eastern_Eurasian_Wolves	WolfTibetan01
WolfTibetan02	WolfTibetan02	Eastern_Eurasian_Wolves	WolfTibetan02
WolfTibetan03	WolfTibetan03	Eastern_Eurasian_Wolves	WolfTibetan03
WolfTibetan04	WolfTibetan04	Eastern_Eurasian_Wolves	WolfTibetan04
WolfTibetan05	WolfTibetan05	Eastern_Eurasian_Wolves	WolfTibetan05
WolfTibetan06	WolfTibetan06	Eastern_Eurasian_Wolves	WolfTibetan06
WolfTibetan07	WolfTibetan07	Eastern_Eurasian_Wolves	WolfTibetan07
WolfTibetan08	WolfTibetan08	Eastern_Eurasian_Wolves	WolfTibetan08
XiasiDog01	XiasiDog01	East_Asian_Dogs	XiasiDog01
Xoloitzcuintli02_30509	Xoloitzcuintli02_30509	Americas_Dogs	Xoloitzcuintli02_30509
YorkshireTerrier26	YorkshireTerrier26	European_Dogs	YorkshireTerrier26
